{
    "defaultCommandTimeout" : 25000,
    "chromeWebSecurity": false,
    "testFiles": "**/*.*",
   
   
  
  "env": {
      "db1": {
        "server": "127.0.0.1",
        "authentication": {
          "type": "default",
          "options": {
            "userName": "onguard",
            "password": "beschuit"
          }
        },
        "options": {
          "port": 1433,
          "database": "PWC_3.18",
          "encrypt": true,
          "rowCollectionOnRequestCompletion": true,
          "trustedConnection": true,
          "validateBulkLoadParameters": true
        }
      },
      
        "options": {
          "port": 50001,
          "database": "db2_name",
          "encrypt": true,
          "rowCollectionOnRequestCompletion": true,
          "trustServerCertificate": true,
          "validateBulkLoadParameters": true
          
        }
      }
    }
  
      
  
  