{
	"info": {
		"_postman_id": "8755d6d7-ad9b-46bf-9ebe-1dc79d971497",
		"name": "Library",
		"schema": "https://schema.getpostman.com/json/collection/v2.1.0/collection.json"
	},
	"item": [
		{
			"name": "Library",
			"item": [
				{
					"name": "Access",
					"item": [
						{
							"name": "Secret_Key",
							"event": [
								{
									"listen": "test",
									"script": {
										"exec": [
											"var res = pm.response.json();\r",
											"pm.environment.set('client_id', res.id);\r",
											"\r",
											"//console.log (res.access_token)\r",
											"\r",
											"pm.test(\"Status code is 200\", function () {\r",
											"    pm.response.to.have.status(201);\r",
											"});"
										],
										"type": "text/javascript"
									}
								}
							],
							"request": {
								"method": "POST",
								"header": [
									{
										"key": "Content-Type",
										"value": "application/json",
										"type": "text"
									},
									{
										"key": "Accept",
										"value": "application/json",
										"type": "text"
									}
								],
								"body": {
									"mode": "raw",
									"raw": "{\r\n    \"name\": \"{{username}}\",\r\n    \"secret\": \"{{password}}\"\r\n}",
									"options": {
										"raw": {
											"language": "json"
										}
									}
								},
								"url": {
									"raw": "{{url}}/api/v1/Client",
									"host": [
										"{{url}}"
									],
									"path": [
										"api",
										"v1",
										"Client"
									]
								}
							},
							"response": []
						},
						{
							"name": "Access_Token",
							"event": [
								{
									"listen": "test",
									"script": {
										"exec": [
											"var res = pm.response.json();\r",
											"pm.environment.set('access_token', res.access_token);\r",
											"\r",
											"//console.log (res.access_token)\r",
											"\r",
											"pm.test(\"Status code is 200\", function () {\r",
											"    pm.response.to.have.status(200);\r",
											"});"
										],
										"type": "text/javascript"
									}
								}
							],
							"request": {
								"auth": {
									"type": "oauth2",
									"oauth2": [
										{
											"key": "scope",
											"value": "{{scope}}",
											"type": "string"
										},
										{
											"key": "password",
											"value": "{{password}}",
											"type": "string"
										},
										{
											"key": "username",
											"value": "{{username}}",
											"type": "string"
										},
										{
											"key": "clientSecret",
											"value": "{{username}}",
											"type": "string"
										},
										{
											"key": "clientId",
											"value": "{{client_id}}",
											"type": "string"
										},
										{
											"key": "tokenName",
											"value": "access_token",
											"type": "string"
										},
										{
											"key": "accessTokenUrl",
											"value": "https://boyns97jh5.execute-api.eu-west-1.amazonaws.com/Prod/connect/token",
											"type": "string"
										},
										{
											"key": "grant_type",
											"value": "password_credentials",
											"type": "string"
										},
										{
											"key": "addTokenTo",
											"value": "header",
											"type": "string"
										}
									]
								},
								"method": "POST",
								"header": [
									{
										"key": "Content-Type",
										"value": "application/x-www-form-urlencoded",
										"type": "text"
									},
									{
										"key": "Accept",
										"value": "application/json",
										"type": "text"
									},
									{
										"key": "",
										"value": "",
										"type": "text",
										"disabled": true
									}
								],
								"body": {
									"mode": "urlencoded",
									"urlencoded": [
										{
											"key": "grant_type",
											"value": "password",
											"type": "text"
										},
										{
											"key": "username",
											"value": "alice",
											"type": "text"
										},
										{
											"key": "password",
											"value": "alice",
											"type": "text"
										},
										{
											"key": "scope",
											"value": "librarian",
											"type": "text"
										},
										{
											"key": "client_id",
											"value": "f10c8d24-f5f8-44c5-a207-c8c4152b0a4c",
											"type": "text"
										},
										{
											"key": "client_secret",
											"value": "alice",
											"type": "text"
										}
									],
									"options": {
										"raw": {
											"language": "json"
										}
									}
								},
								"url": {
									"raw": "{{url}}/connect/token",
									"host": [
										"{{url}}"
									],
									"path": [
										"connect",
										"token"
									]
								}
							},
							"response": []
						}
					]
				},
				{
					"name": "Shelf",
					"item": [
						{
							"name": "Post Shelf",
							"event": [
								{
									"listen": "prerequest",
									"script": {
										"exec": [
											"\r",
											"\r",
											"var shelfID = \"shelfID\" + pm.variables.replaceIn('{{$randomInt}}');\r",
											"pm.environment.set(\"Generated_shelf_id\", shelfID);\r",
											"\r",
											"var shelfName = \"shelfName\" + pm.variables.replaceIn('{{$randomInt}}');\r",
											"pm.environment.set(\"Generated_shelf_name\", shelfName);\r",
											"\r",
											""
										],
										"type": "text/javascript"
									}
								},
								{
									"listen": "test",
									"script": {
										"exec": [
											"var res = pm.response.json();\r",
											"pm.environment.set('Newly_created_shelf_id', res.id);\r",
											"\r",
											"if (pm.environment.get(\"scope\") == \"reader\") {\r",
											"pm.test(\"Status code is 201\", function () {\r",
											"    pm.response.to.have.status(!201);\r",
											"});\r",
											"} \r",
											"\r",
											"if (pm.environment.get(\"scope\") == \"librarian\") {\r",
											"pm.test(\"Status code is 201\", function () {\r",
											"    pm.response.to.have.status(201);\r",
											"});\r",
											"} \r",
											"\r",
											"pm.test(\"Shelf is created\", () => {\r",
											"  const responseJson = pm.response.json();\r",
											"  pm.expect(responseJson.name).to.eql(pm.environment.get(\"Generated_shelf_name\"));\r",
											"});\r",
											"\r",
											"\r",
											""
										],
										"type": "text/javascript"
									}
								}
							],
							"request": {
								"auth": {
									"type": "bearer",
									"bearer": [
										{
											"key": "token",
											"value": "{{access_token}}",
											"type": "string"
										}
									]
								},
								"method": "POST",
								"header": [
									{
										"key": "Accept",
										"value": "application/json",
										"type": "text"
									}
								],
								"body": {
									"mode": "raw",
									"raw": "{\r\n    \"id\": \"{{Generated_shelf_id}}\",\r\n    \"name\": \"{{Generated_shelf_name}}\"\r\n}",
									"options": {
										"raw": {
											"language": "json"
										}
									}
								},
								"url": {
									"raw": "{{url}}/api/v1/Shelf",
									"host": [
										"{{url}}"
									],
									"path": [
										"api",
										"v1",
										"Shelf"
									]
								}
							},
							"response": []
						},
						{
							"name": "Get Shelves",
							"event": [
								{
									"listen": "test",
									"script": {
										"exec": [
											"pm.test(\"Status code is 200\", function () {\r",
											"    pm.response.to.have.status(200);\r",
											"});\r",
											"\r",
											"bodyData = JSON.parse(responseBody)\r",
											"\r",
											"const indexDel = Math.trunc(Math.random() * bodyData.length);\r",
											"const itemDel = bodyData[indexDel];\r",
											"pm.environment.set(\"Random_shelf_id_to_delete\", itemDel.id);\r",
											"\r",
											"const indexGet = Math.trunc(Math.random() * bodyData.length);\r",
											"const itemGet = bodyData[indexGet];\r",
											"pm.environment.set(\"Random_shelf_id_to_get\", itemGet.id);\r",
											"\r",
											"\r",
											"\r",
											""
										],
										"type": "text/javascript"
									}
								}
							],
							"request": {
								"auth": {
									"type": "bearer",
									"bearer": [
										{
											"key": "token",
											"value": "{{access_token}}",
											"type": "string"
										}
									]
								},
								"method": "GET",
								"header": [
									{
										"key": "Accept",
										"value": "application/json",
										"type": "text"
									}
								],
								"url": {
									"raw": "{{url}}/api/v1/Shelf",
									"host": [
										"{{url}}"
									],
									"path": [
										"api",
										"v1",
										"Shelf"
									]
								}
							},
							"response": []
						},
						{
							"name": "Update Shelf",
							"event": [
								{
									"listen": "test",
									"script": {
										"exec": [
											"\r",
											"\r",
											"if (pm.environment.get(\"scope\") == \"reader\") {\r",
											"pm.test(\"Status code is 200\", function () {\r",
											"    pm.response.to.have.status(!200);\r",
											"});\r",
											"} \r",
											"\r",
											"if (pm.environment.get(\"scope\") == \"librarian\") {\r",
											"pm.test(\"Status code is 200\", function () {\r",
											"    pm.response.to.have.status(200);\r",
											"});\r",
											"} \r",
											""
										],
										"type": "text/javascript"
									}
								}
							],
							"request": {
								"auth": {
									"type": "bearer",
									"bearer": [
										{
											"key": "token",
											"value": "{{access_token}}",
											"type": "string"
										}
									]
								},
								"method": "PUT",
								"header": [
									{
										"key": "Accept",
										"value": "application/json",
										"type": "text"
									}
								],
								"body": {
									"mode": "raw",
									"raw": "{\r\n  \"id\": \"{{Random_shelf_id_to_get}}\",\r\n  \"name\": \"{{Generated_shelf_name}} Snap\"\r\n}",
									"options": {
										"raw": {
											"language": "json"
										}
									}
								},
								"url": {
									"raw": "{{url}}/api/v1/Shelf",
									"host": [
										"{{url}}"
									],
									"path": [
										"api",
										"v1",
										"Shelf"
									]
								}
							},
							"response": []
						},
						{
							"name": "Update Shelf Copy",
							"event": [
								{
									"listen": "test",
									"script": {
										"exec": [
											"\r",
											"\r",
											"if (pm.environment.get(\"scope\") == \"reader\") {\r",
											"pm.test(\"Status code is 200\", function () {\r",
											"    pm.response.to.have.status(!200);\r",
											"});\r",
											"} \r",
											"\r",
											"if (pm.environment.get(\"scope\") == \"librarian\") {\r",
											"pm.test(\"Status code is 200\", function () {\r",
											"    pm.response.to.have.status(200);\r",
											"});\r",
											"} \r",
											""
										],
										"type": "text/javascript"
									}
								}
							],
							"request": {
								"auth": {
									"type": "bearer",
									"bearer": [
										{
											"key": "token",
											"value": "{{access_token}}",
											"type": "string"
										}
									]
								},
								"method": "PUT",
								"header": [
									{
										"key": "Accept",
										"value": "application/json",
										"type": "text"
									}
								],
								"body": {
									"mode": "raw",
									"raw": "{\r\n  \"id\": \"{{Random_shelf_id_to_get}}\",\r\n  \"name\": \"{{Generated_shelf_name}} updated\"\r\n}",
									"options": {
										"raw": {
											"language": "json"
										}
									}
								},
								"url": {
									"raw": "{{url}}/api/v1/Shelf",
									"host": [
										"{{url}}"
									],
									"path": [
										"api",
										"v1",
										"Shelf"
									]
								}
							},
							"response": []
						},
						{
							"name": "Delete Shelf",
							"event": [
								{
									"listen": "test",
									"script": {
										"exec": [
											"if (pm.environment.get(\"scope\") == \"reader\") {\r",
											"pm.test(\"Status code is 200\", function () {\r",
											"    pm.response.to.have.status(!200);\r",
											"});\r",
											"} \r",
											"\r",
											"if (pm.environment.get(\"scope\") == \"librarian\") {\r",
											"pm.test(\"Status code is 200\", function () {\r",
											"    pm.response.to.have.status(200);\r",
											"});\r",
											"} "
										],
										"type": "text/javascript"
									}
								}
							],
							"request": {
								"auth": {
									"type": "bearer",
									"bearer": [
										{
											"key": "token",
											"value": "{{access_token}}",
											"type": "string"
										}
									]
								},
								"method": "DELETE",
								"header": [
									{
										"key": "Accept",
										"value": "application/json",
										"type": "text"
									},
									{
										"key": "Content-Type",
										"value": "application/json",
										"type": "text"
									}
								],
								"body": {
									"mode": "raw",
									"raw": "{\r\n  \"id\": \"{{Random_shelf_id_to_delete}}\"\r\n}",
									"options": {
										"raw": {
											"language": "json"
										}
									}
								},
								"url": {
									"raw": "{{url}}/api/v1/Shelf",
									"host": [
										"{{url}}"
									],
									"path": [
										"api",
										"v1",
										"Shelf"
									]
								}
							},
							"response": []
						},
						{
							"name": "Get Shelf Id",
							"event": [
								{
									"listen": "test",
									"script": {
										"exec": [
											"pm.test(\"Status code is 200\", function () {\r",
											"    pm.response.to.have.status(200);\r",
											"});\r",
											"\r",
											"pm.test(\"Get shelf by id is successful\", () => {\r",
											"  const responseJson = pm.response.json();\r",
											"  pm.expect(responseJson.id).to.eql(pm.environment.get(\"Random_shelf_id_to_get\"));\r",
											"});"
										],
										"type": "text/javascript"
									}
								}
							],
							"request": {
								"auth": {
									"type": "bearer",
									"bearer": [
										{
											"key": "token",
											"value": "{{access_token}}",
											"type": "string"
										}
									]
								},
								"method": "GET",
								"header": [
									{
										"key": "Accept",
										"value": "application/json",
										"type": "text"
									}
								],
								"url": {
									"raw": "{{url}}/api/v1/Shelf/{{Random_shelf_id_to_get}}",
									"host": [
										"{{url}}"
									],
									"path": [
										"api",
										"v1",
										"Shelf",
										"{{Random_shelf_id_to_get}}"
									]
								}
							},
							"response": []
						},
						{
							"name": "Get Shelf Books",
							"event": [
								{
									"listen": "test",
									"script": {
										"exec": [
											"if (pm.environment.get(\"scope\") == \"reader\") {\r",
											"pm.test(\"Status code is 200\", function () {\r",
											"    pm.response.to.have.status(!200);\r",
											"});\r",
											"} \r",
											"\r",
											"if (pm.environment.get(\"scope\") == \"librarian\") {\r",
											"pm.test(\"Status code is 200\", function () {\r",
											"    pm.response.to.have.status(200);\r",
											"});\r",
											"} \r",
											"\r",
											"\r",
											"pm.test(\"Test the text in the response\", () => {\r",
											"    pm.expect(pm.response.text()).to.include(\"id\");\r",
											"    pm.expect(pm.response.text()).to.include(\"name\");\r",
											"    pm.expect(pm.response.text()).to.include(\"shelfId\");\r",
											"});\r",
											"\r",
											""
										],
										"type": "text/javascript"
									}
								}
							],
							"request": {
								"auth": {
									"type": "bearer",
									"bearer": [
										{
											"key": "token",
											"value": "{{access_token}}",
											"type": "string"
										}
									]
								},
								"method": "GET",
								"header": [
									{
										"key": "Accept",
										"value": "application/json",
										"type": "text"
									}
								],
								"url": {
									"raw": "https://boyns97jh5.execute-api.eu-west-1.amazonaws.com/Prod/api/v1/Shelf/58f57ece-f25c-4aa3-b3ca-d6877fcbfb3d/books",
									"protocol": "https",
									"host": [
										"boyns97jh5",
										"execute-api",
										"eu-west-1",
										"amazonaws",
										"com"
									],
									"path": [
										"Prod",
										"api",
										"v1",
										"Shelf",
										"58f57ece-f25c-4aa3-b3ca-d6877fcbfb3d",
										"books"
									]
								}
							},
							"response": []
						}
					]
				},
				{
					"name": "Book",
					"item": [
						{
							"name": "Post Book",
							"event": [
								{
									"listen": "prerequest",
									"script": {
										"exec": [
											"bookID = \"bookID\" + pm.variables.replaceIn('{{$randomInt}}');\r",
											"pm.environment.set(\"Generated_book_id\", bookID);\r",
											"\r",
											"bookName = \"bookName\" + pm.variables.replaceIn('{{$randomInt}}');\r",
											"pm.environment.set(\"Generated_book_name\", bookName);"
										],
										"type": "text/javascript"
									}
								},
								{
									"listen": "test",
									"script": {
										"exec": [
											"//var res = pm.response.json();\r",
											"//console.log(res);\r",
											"//pm.environment.set('Newly_created_book_id', res.id);\r",
											"\r",
											"if (pm.environment.get(\"scope\") == \"reader\") {\r",
											"pm.test(\"Status code is 201\", function () {\r",
											"    pm.response.to.have.status(!201);\r",
											"});\r",
											"} \r",
											"\r",
											"if (pm.environment.get(\"scope\") == \"librarian\") {\r",
											"pm.test(\"Status code is 201\", function () {\r",
											"    pm.response.to.have.status(201);\r",
											"});\r",
											"} "
										],
										"type": "text/javascript"
									}
								}
							],
							"request": {
								"auth": {
									"type": "bearer",
									"bearer": [
										{
											"key": "token",
											"value": "{{access_token}}",
											"type": "string"
										}
									]
								},
								"method": "POST",
								"header": [
									{
										"key": "Accept",
										"value": "application/json",
										"type": "text"
									},
									{
										"key": "Content-Type",
										"value": "application/json",
										"type": "text"
									}
								],
								"body": {
									"mode": "raw",
									"raw": "\r\n{\r\n\t\t  \"id\": \"{{Generated_book_id}}\",\r\n\t\t  \"name\": \"{{Generated_book_name}}\",\r\n\t\t  \"shelfId\": \"{{Random_shelf_id_to_get}}\"\r\n}",
									"options": {
										"raw": {
											"language": "json"
										}
									}
								},
								"url": {
									"raw": "{{url}}/api/v1/Book",
									"host": [
										"{{url}}"
									],
									"path": [
										"api",
										"v1",
										"Book"
									]
								}
							},
							"response": []
						},
						{
							"name": "Update Book",
							"event": [
								{
									"listen": "test",
									"script": {
										"exec": [
											"if (pm.environment.get(\"scope\") == \"reader\") {\r",
											"pm.test(\"Status code is 200\", function () {\r",
											"    pm.response.to.have.status(!200);\r",
											"});\r",
											"} \r",
											"\r",
											"if (pm.environment.get(\"scope\") == \"librarian\") {\r",
											"pm.test(\"Status code is 200\", function () {\r",
											"    pm.response.to.have.status(200);\r",
											"});\r",
											"} "
										],
										"type": "text/javascript"
									}
								}
							],
							"request": {
								"auth": {
									"type": "bearer",
									"bearer": [
										{
											"key": "token",
											"value": "{{access_token}}",
											"type": "string"
										}
									]
								},
								"method": "PUT",
								"header": [
									{
										"key": "Accept",
										"value": "application/json",
										"type": "text"
									}
								],
								"body": {
									"mode": "raw",
									"raw": "{\r\n  \"id\": \"{{Generated_book_id}}\",\r\n  \"name\": \"{{Generated_book_name}} updated\",\r\n  \"shelfId\": \"{{Random_shelf_id_to_get}}\"\r\n}",
									"options": {
										"raw": {
											"language": "json"
										}
									}
								},
								"url": {
									"raw": "{{url}}/api/v1/Book",
									"host": [
										"{{url}}"
									],
									"path": [
										"api",
										"v1",
										"Book"
									]
								}
							},
							"response": []
						},
						{
							"name": "Get Books",
							"event": [
								{
									"listen": "test",
									"script": {
										"exec": [
											"if (pm.environment.get(\"scope\") == \"reader\") {\r",
											"pm.test(\"Status code is 200\", function () {\r",
											"    pm.response.to.have.status(!200);\r",
											"});\r",
											"} \r",
											"\r",
											"if (pm.environment.get(\"scope\") == \"librarian\") {\r",
											"pm.test(\"Status code is 200\", function () {\r",
											"    pm.response.to.have.status(200);\r",
											"});\r",
											"} \r",
											"bodyData = JSON.parse(responseBody)\r",
											"\r",
											"const indexDel = Math.trunc(Math.random() * bodyData.length);\r",
											"const itemDel = bodyData[indexDel];\r",
											"pm.environment.set(\"Random_book_id_to_delete\", itemDel.id);\r",
											"\r",
											"\r",
											"const indexGet = Math.trunc(Math.random() * bodyData.length);\r",
											"const itemGet = bodyData[indexGet];\r",
											"pm.environment.set(\"Random_book_id_to_get\", itemGet.id);"
										],
										"type": "text/javascript"
									}
								}
							],
							"request": {
								"auth": {
									"type": "bearer",
									"bearer": [
										{
											"key": "token",
											"value": "{{access_token}}",
											"type": "string"
										}
									]
								},
								"method": "GET",
								"header": [
									{
										"key": "Accept",
										"value": "application/vnd.api+json",
										"type": "text"
									}
								],
								"url": {
									"raw": "{{url}}/api/v1/Book",
									"host": [
										"{{url}}"
									],
									"path": [
										"api",
										"v1",
										"Book"
									]
								}
							},
							"response": []
						},
						{
							"name": "Delete Book",
							"event": [
								{
									"listen": "test",
									"script": {
										"exec": [
											"if (pm.environment.get(\"scope\") == \"reader\") {\r",
											"pm.test(\"Status code is 200\", function () {\r",
											"    pm.response.to.have.status(!200);\r",
											"});\r",
											"} \r",
											"\r",
											"if (pm.environment.get(\"scope\") == \"librarian\") {\r",
											"pm.test(\"Status code is 200\", function () {\r",
											"    pm.response.to.have.status(200);\r",
											"});\r",
											"} "
										],
										"type": "text/javascript"
									}
								}
							],
							"request": {
								"auth": {
									"type": "bearer",
									"bearer": [
										{
											"key": "token",
											"value": "{{access_token}}",
											"type": "string"
										}
									]
								},
								"method": "DELETE",
								"header": [
									{
										"key": "Accept",
										"value": "application/json",
										"type": "text"
									}
								],
								"body": {
									"mode": "raw",
									"raw": "{\r\n  \"id\": \"{{Random_book_id_to_delete}}\"\r\n}",
									"options": {
										"raw": {
											"language": "json"
										}
									}
								},
								"url": {
									"raw": "{{url}}/api/v1/Book",
									"host": [
										"{{url}}"
									],
									"path": [
										"api",
										"v1",
										"Book"
									]
								}
							},
							"response": []
						},
						{
							"name": "Get Book Id",
							"event": [
								{
									"listen": "test",
									"script": {
										"exec": [
											"pm.test(\"Status code is 200\", function () {\r",
											"    pm.response.to.have.status(200);\r",
											"});"
										],
										"type": "text/javascript"
									}
								}
							],
							"request": {
								"auth": {
									"type": "bearer",
									"bearer": [
										{
											"key": "token",
											"value": "{{access_token}}",
											"type": "string"
										}
									]
								},
								"method": "GET",
								"header": [
									{
										"key": "Accept",
										"value": "application/json",
										"type": "text"
									}
								],
								"url": {
									"raw": "{{url}}/api/v1/Book/{{Random_book_id_to_get}}",
									"host": [
										"{{url}}"
									],
									"path": [
										"api",
										"v1",
										"Book",
										"{{Random_book_id_to_get}}"
									]
								}
							},
							"response": []
						}
					]
				}
			]
		}
	],
	"variable": [
		{
			"key": "Id_to_delete",
			"value": ""
		}
	]
}